Reference, Value, Footprint, Datasheet, MFN, MPN, PurchasingLink, Digi-key Part Number, Link, Purchasing Link
"C102","C_2.2uF","footprints:C_0603_1608Metric","http://www.yageo.com/documents/recent/UPY-GPHC_X5R_4V-to-50V_25.pdf","DK","311-1451-1-ND","https://www.digikey.com/product-detail/en/yageo/CC0603KRX5R6BB225/311-1451-1-ND/2833757","","",""
"C101","C_0.1uF","footprints:C_0805_OEM","http://datasheets.avx.com/X7RDielectric.pdf","DK","478-3352-1-ND","https://www.digikey.com/products/en?keywords=478-3352-1-ND","","",""
"R103","R_100K","footprints:R_0805_OEM","https://industrial.panasonic.com/cdbs/www-data/pdf/RDA0000/AOA0000C304.pdf","DK","P100KCCT-ND","https://www.digikey.com/product-detail/en/panasonic-electronic-components/ERJ-6ENF1003V/P100KCCT-ND/119551","","",""
"C103","C_0.1uF","footprints:C_0805_OEM","http://datasheets.avx.com/X7RDielectric.pdf","DK","478-3352-1-ND","https://www.digikey.com/products/en?keywords=478-3352-1-ND","","",""
"COUT101","C_22uF","footprints:C_1206_OEM","https://product.tdk.com/info/en/catalog/datasheets/mlcc_commercial_general_en.pdf","DK","445-11693-1-ND","https://www.digikey.com/product-detail/en/tdk-corporation/C3216JB1C226M160AB/445-11693-1-ND/3953359","","",""
"COUT103","C_47uF","footprints:C_0805_OEM","http://www.samsungsem.com/kr/support/product-search/mlcc/__icsFiles/afieldfile/2018/06/22/CL21A476MQYNNNG.pdf","DK","1276-6467-1-ND","https://www.digikey.com/product-detail/en/samsung-electro-mechanics/CL21A476MQYNNNG/1276-6467-1-ND/5958095","","",""
"COUT102","C_33uF","footprints:C_1812_OEM","https://product.tdk.com/info/en/catalog/datasheets/mlcc_commercial_general_en.pdf","C4532X7R1C336M250KC","445-3924-1-ND","https://www.digikey.com/product-detail/en/tdk-corporation/C4532X7R1C336M250KC/445-3924-1-ND/1923431","","",""
"R102","R_25K","footprints:R_0805_OEM","https://www.te.com/commerce/DocumentDelivery/DDEController?Action=srchrtrv&DocNm=1773200-1&DocType=DS&DocLang=English","A124124CT-ND","","https://www.digikey.com/product-detail/en/te-connectivity-passive-product/CPF-A-0805B25KE/A124124CT-ND/5970044","CPF-A-0805B25KE","",""
"F101","F_500mA_16V","footprints:Fuse_1210","https://belfuse.com/resources/CircuitProtection/datasheets/0ZCH%20Nov2016.pdf","DK","507-1786-1-ND","https://www.digikey.com/product-detail/en/bel-fuse-inc/0ZCH0050FF2G/507-1786-1-ND/4156209","","",""
"R104","R_0_2512","footprints:R_2512_OEM","http://www.te.com/commerce/DocumentDelivery/DDEController?Action=srchrtrv&DocNm=9-1773463-7&DocType=DS&DocLang=English","DK","A121322CT-ND","https://www.digikey.com/products/en?keywords=A121322CT-ND","","",""
"D103","LED_0805","footprints:LED_0805_OEM","http://www.osram-os.com/Graphics/XPic9/00078860_0.pdf","DK","475-1410-1-ND","https://www.digikey.com/products/en?keywords=475-1410-1-ND","","",""
"R105","R_200","footprints:R_0805_OEM","https://www.seielect.com/Catalog/SEI-RMCF_RMCP.pdf","DK","RMCF0805JT200RCT-ND","https://www.digikey.com/products/en?keywords=RMCF0805JT200RCT-ND","","",""
"D101","D_Zener_18V","footprints:DO-214AA","http://www.mccsemi.com/up_pdf/SMBJ5338B-SMBJ5388B(SMB).pdf","DK","SMBJ5355B-TPMSCT-ND","https://www.digikey.com/products/en?keywords=SMBJ5355B-TPMSCT-ND","","",""
"D102","LED_0805","footprints:LED_0805_OEM","http://www.osram-os.com/Graphics/XPic9/00078860_0.pdf","DK","475-1410-1-ND","https://www.digikey.com/products/en?keywords=475-1410-1-ND","","",""
"L101","L_100uH","footprints:L_100uH_OEM","https://product.tdk.com/info/en/catalog/datasheets/inductor_commercial_decoupling_nlfv32-ef_en.pdf","Digikey","445-15759-1-ND","","","https://www.digikey.com/product-detail/en/tdk-corporation/NLFV32T-101K-EF/445-15759-1-ND/4328055",""
"R1","R_100","footprints:R_0805_OEM","https://www.seielect.com/Catalog/SEI-rncp.pdf","DK","RNCP0805FTD100RCT-ND","https://www.digikey.com/products/en?keywords=RNCP0805FTD100RCT-ND","","",""
"C3","C_100pF","footprints:C_0805_OEM","https://katalog.we-online.de/pbs/datasheet/885012007057.pdf","DK","732-7852-1-ND","https://www.digikey.com/product-detail/en/wurth-electronics-inc/885012007057/732-7852-1-ND/5454479","","",""
"Y1","Crystal_SMD","footprints:Crystal_SMD_FA238","http://www.txccorp.com/download/products/quartz_crystals/2015TXC_7M_17.pdf","DK","887-1125-1-ND","https://www.digikey.com/product-detail/en/txc-corporation/7M-16.000MAAJ-T/887-1125-1-ND/2119014","","",""
"C4","C_30pF","footprints:C_0805_OEM","https://media.digikey.com/pdf/Data%20Sheets/Samsung%20PDFs/CL_Series_MLCC_ds.pdf","DK","1276-1130-1-ND","https://www.digikey.com/product-detail/en/samsung-electro-mechanics-america-inc/CL21C300JBANNNC/1276-1130-1-ND/3889216","","",""
"C5","C_30pF","footprints:C_0805_OEM","https://media.digikey.com/pdf/Data%20Sheets/Samsung%20PDFs/CL_Series_MLCC_ds.pdf","DK","1276-1130-1-ND","https://www.digikey.com/product-detail/en/samsung-electro-mechanics-america-inc/CL21C300JBANNNC/1276-1130-1-ND/3889216","","",""
"R3","R_10K","footprints:R_0805_OEM","http://www.bourns.com/data/global/pdfs/CRS.pdf","DK","CRS0805-FX-1002ELFCT-ND","https://www.digikey.com/products/en?keywords=CRS0805-FX-1002ELFCT-ND","","",""
"U1","MCP2561-E_SN","footprints:SOIC-8_3.9x4.9mm_Pitch1.27mm_OEM","http://www.microchip.com/mymicrochip/filehandler.aspx?ddocname=en561044","DK","MCP2561-E/SN-ND","https://www.digikey.com/products/en?keywords=mcp2561-e%2Fsn","","",""
"C1","C_0.1uF","footprints:C_0805_OEM","http://datasheets.avx.com/X7RDielectric.pdf","DK","478-3352-1-ND","https://www.digikey.com/products/en?keywords=478-3352-1-ND","","",""
"J1","CONN_02X03","footprints:Pin_Header_Straight_2x03","http://portal.fciconnect.com/Comergent//fci/drawing/67996.pdf","DK","609-3234-ND","https://www.digikey.com/product-detail/en/amphenol-fci/67997-206HLF/609-3234-ND/1878491","","",""
"C2","C_0.1uF","footprints:C_0805_OEM","http://datasheets.avx.com/X7RDielectric.pdf","DK","478-3352-1-ND","https://www.digikey.com/products/en?keywords=478-3352-1-ND","","",""
"U101","TPS560430YF","Package_TO_SOT_SMD:SOT-23-6_Handsoldering","http://www.ti.com/lit/ds/symlink/tps560430.pdf","TPS560430YFDBVR-ND","TPS560430YFDBVR","","","","https://www.digikey.com/product-detail/en/texas-instruments/TPS560430XDBVR/296-50420-6-ND/9685813"
"U2","ATMEGA16M1","footprints:TQFP-32_7x7mm_Pitch0.8mm","http://ww1.microchip.com/downloads/en/DeviceDoc/Atmel-8209-8-bit%20AVR%20ATmega16M1-32M1-64M1_Datasheet.pdf","DK","ATMEGA16M1-AU-ND","https://www.digikey.com/product-detail/en/atmel/ATMEGA16M1-AU/ATMEGA16M1-AU-ND/2271208","","",""
"J101","MM_F_RA_20","footprints:micromatch_female_ra_20","http://www.te.com/commerce/DocumentDelivery/DDEController?Action=srchrtrv&DocNm=338070&DocType=Customer+Drawing&DocLang=English&DocFormat=pdf&PartCntxt=2-338070-0","TE","2-338070-0","http://www.te.com/usa-en/product-2-338070-0.html","","",""
"J102","MM_F_RA_08","footprints:micromatch_female_ra_8","http://www.te.com/commerce/DocumentDelivery/DDEController?Action=showdoc&DocId=Customer+Drawing%7F338070%7FG1%7Fpdf%7FEnglish%7FENG_CD_338070_G1.pdf%7F338070-8","TE","338070-8","http://www.te.com/usa-en/product-338070-8.html","","",""
"R108","R_120_DNP","footprints:R_0805_OEM","https://www.mouser.com/datasheet/2/315/AOA0000C304-1149620.pdf","DK","667-ERJ-6ENF1200V","https://www.mouser.com/ProductDetail/Panasonic-Industrial-Devices/ERJ-6ENF1200V?qs=sGAEpiMZZMvdGkrng054t8AJgcdMkx7x%252bFQnctTMUmU%3d","","",""
"U102","74HC4051","footprints:TSSOP-16-OEM","https://assets.nexperia.com/documents/data-sheet/74HC_HCT4051_Q100.pdf","DK","1727-1033-1-ND","https://www.digikey.com/product-detail/en/nexperia-usa-inc/74HC4051PW-Q10011/1727-1033-1-ND/3749040","","",""
"R101","R_1K","footprints:R_0805_OEM","https://www.seielect.com/Catalog/SEI-rncp.pdf","DK","RNCP0805FTD1K00CT-ND","https://www.digikey.com/products/en?keywords=RNCP0805FTD1K00CT-ND","","",""
"D104","LED_0805","footprints:LED_0805_OEM","http://www.osram-os.com/Graphics/XPic9/00078860_0.pdf","DK","475-1410-1-ND","https://www.digikey.com/products/en?keywords=475-1410-1-ND","","",""
"R106","R_200","footprints:R_0805_OEM","https://www.seielect.com/Catalog/SEI-RMCF_RMCP.pdf","DK","RMCF0805JT200RCT-ND","https://www.digikey.com/products/en?keywords=RMCF0805JT200RCT-ND","","",""
"D105","LED_0805","footprints:LED_0805_OEM","http://www.osram-os.com/Graphics/XPic9/00078860_0.pdf","DK","475-1410-1-ND","https://www.digikey.com/products/en?keywords=475-1410-1-ND","","",""
"R107","R_200","footprints:R_0805_OEM","https://www.seielect.com/Catalog/SEI-RMCF_RMCP.pdf","DK","RMCF0805JT200RCT-ND","https://www.digikey.com/products/en?keywords=RMCF0805JT200RCT-ND","","",""
"C104","C_0.1uF","footprints:C_0805_OEM","http://datasheets.avx.com/X7RDielectric.pdf","DK","478-3352-1-ND","https://www.digikey.com/products/en?keywords=478-3352-1-ND","","",""
"R306","R_4.99K","footprints:R_0805_OEM","https://www.digikey.com/product-detail/en/yageo/RC0402FR-074K99L/311-4.99KLRTR-ND/2827568","DK","RNCP0805FTD4K99CT-ND ","https://www.digikey.com/product-detail/en/stackpole-electronics-inc/RNCP0805FTD4K99/RNCP0805FTD4K99CT-ND/2240591","","",""
"R305","R_120","footprints:R_0805_OEM","https://www.mouser.com/datasheet/2/315/AOA0000C304-1149620.pdf","DK","667-ERJ-6ENF1200V","https://www.mouser.com/ProductDetail/Panasonic-Industrial-Devices/ERJ-6ENF1200V?qs=sGAEpiMZZMvdGkrng054t8AJgcdMkx7x%252bFQnctTMUmU%3d","","",""
"R304","R_120","footprints:R_0805_OEM","https://www.mouser.com/datasheet/2/315/AOA0000C304-1149620.pdf","DK","667-ERJ-6ENF1200V","https://www.mouser.com/ProductDetail/Panasonic-Industrial-Devices/ERJ-6ENF1200V?qs=sGAEpiMZZMvdGkrng054t8AJgcdMkx7x%252bFQnctTMUmU%3d","","",""
"R302","R_120","footprints:R_0805_OEM","https://www.mouser.com/datasheet/2/315/AOA0000C304-1149620.pdf","DK","667-ERJ-6ENF1200V","https://www.mouser.com/ProductDetail/Panasonic-Industrial-Devices/ERJ-6ENF1200V?qs=sGAEpiMZZMvdGkrng054t8AJgcdMkx7x%252bFQnctTMUmU%3d","","",""
"R301","R_120","footprints:R_0805_OEM","https://www.mouser.com/datasheet/2/315/AOA0000C304-1149620.pdf","DK","667-ERJ-6ENF1200V","https://www.mouser.com/ProductDetail/Panasonic-Industrial-Devices/ERJ-6ENF1200V?qs=sGAEpiMZZMvdGkrng054t8AJgcdMkx7x%252bFQnctTMUmU%3d","","",""
"U301","MCP6001T-I-LT","Package_TO_SOT_SMD:SOT-353_SC-70-5","http://ww1.microchip.com/downloads/en/DeviceDoc/21733j.pdf","DK","MCP6001T-I/LTCT-ND","https://www.digikey.com/product-detail/en/microchip-technology/MCP6001T-I-LT/MCP6001T-I-LTCT-ND/669499","","",""
"R307","R_4.99K","footprints:R_0805_OEM","https://www.digikey.com/product-detail/en/yageo/RC0402FR-074K99L/311-4.99KLRTR-ND/2827568","DK","RNCP0805FTD4K99CT-ND ","https://www.digikey.com/product-detail/en/stackpole-electronics-inc/RNCP0805FTD4K99/RNCP0805FTD4K99CT-ND/2240591","","",""
"C301","C_0.1uF","footprints:C_0805_OEM","http://datasheets.avx.com/X7RDielectric.pdf","DK","478-3352-1-ND","https://www.digikey.com/products/en?keywords=478-3352-1-ND","","",""
"R303","R_120","footprints:R_0805_OEM","https://www.mouser.com/datasheet/2/315/AOA0000C304-1149620.pdf","DK","667-ERJ-6ENF1200V","https://www.mouser.com/ProductDetail/Panasonic-Industrial-Devices/ERJ-6ENF1200V?qs=sGAEpiMZZMvdGkrng054t8AJgcdMkx7x%252bFQnctTMUmU%3d","","",""
"R406","R_4.99K","footprints:R_0805_OEM","https://www.digikey.com/product-detail/en/yageo/RC0402FR-074K99L/311-4.99KLRTR-ND/2827568","DK","RNCP0805FTD4K99CT-ND ","https://www.digikey.com/product-detail/en/stackpole-electronics-inc/RNCP0805FTD4K99/RNCP0805FTD4K99CT-ND/2240591","","",""
"R405","R_120","footprints:R_0805_OEM","https://www.mouser.com/datasheet/2/315/AOA0000C304-1149620.pdf","DK","667-ERJ-6ENF1200V","https://www.mouser.com/ProductDetail/Panasonic-Industrial-Devices/ERJ-6ENF1200V?qs=sGAEpiMZZMvdGkrng054t8AJgcdMkx7x%252bFQnctTMUmU%3d","","",""
"R404","R_120","footprints:R_0805_OEM","https://www.mouser.com/datasheet/2/315/AOA0000C304-1149620.pdf","DK","667-ERJ-6ENF1200V","https://www.mouser.com/ProductDetail/Panasonic-Industrial-Devices/ERJ-6ENF1200V?qs=sGAEpiMZZMvdGkrng054t8AJgcdMkx7x%252bFQnctTMUmU%3d","","",""
"R402","R_120","footprints:R_0805_OEM","https://www.mouser.com/datasheet/2/315/AOA0000C304-1149620.pdf","DK","667-ERJ-6ENF1200V","https://www.mouser.com/ProductDetail/Panasonic-Industrial-Devices/ERJ-6ENF1200V?qs=sGAEpiMZZMvdGkrng054t8AJgcdMkx7x%252bFQnctTMUmU%3d","","",""
"R401","R_120","footprints:R_0805_OEM","https://www.mouser.com/datasheet/2/315/AOA0000C304-1149620.pdf","DK","667-ERJ-6ENF1200V","https://www.mouser.com/ProductDetail/Panasonic-Industrial-Devices/ERJ-6ENF1200V?qs=sGAEpiMZZMvdGkrng054t8AJgcdMkx7x%252bFQnctTMUmU%3d","","",""
"U401","MCP6001T-I-LT","Package_TO_SOT_SMD:SOT-353_SC-70-5","http://ww1.microchip.com/downloads/en/DeviceDoc/21733j.pdf","DK","MCP6001T-I/LTCT-ND","https://www.digikey.com/product-detail/en/microchip-technology/MCP6001T-I-LT/MCP6001T-I-LTCT-ND/669499","","",""
"R407","R_4.99K","footprints:R_0805_OEM","https://www.digikey.com/product-detail/en/yageo/RC0402FR-074K99L/311-4.99KLRTR-ND/2827568","DK","RNCP0805FTD4K99CT-ND ","https://www.digikey.com/product-detail/en/stackpole-electronics-inc/RNCP0805FTD4K99/RNCP0805FTD4K99CT-ND/2240591","","",""
"C401","C_0.1uF","footprints:C_0805_OEM","http://datasheets.avx.com/X7RDielectric.pdf","DK","478-3352-1-ND","https://www.digikey.com/products/en?keywords=478-3352-1-ND","","",""
"R403","R_120","footprints:R_0805_OEM","https://www.mouser.com/datasheet/2/315/AOA0000C304-1149620.pdf","DK","667-ERJ-6ENF1200V","https://www.mouser.com/ProductDetail/Panasonic-Industrial-Devices/ERJ-6ENF1200V?qs=sGAEpiMZZMvdGkrng054t8AJgcdMkx7x%252bFQnctTMUmU%3d","","",""
"R506","R_4.99K","footprints:R_0805_OEM","https://www.digikey.com/product-detail/en/yageo/RC0402FR-074K99L/311-4.99KLRTR-ND/2827568","DK","RNCP0805FTD4K99CT-ND ","https://www.digikey.com/product-detail/en/stackpole-electronics-inc/RNCP0805FTD4K99/RNCP0805FTD4K99CT-ND/2240591","","",""
"R505","R_120","footprints:R_0805_OEM","https://www.mouser.com/datasheet/2/315/AOA0000C304-1149620.pdf","DK","667-ERJ-6ENF1200V","https://www.mouser.com/ProductDetail/Panasonic-Industrial-Devices/ERJ-6ENF1200V?qs=sGAEpiMZZMvdGkrng054t8AJgcdMkx7x%252bFQnctTMUmU%3d","","",""
"R504","R_120","footprints:R_0805_OEM","https://www.mouser.com/datasheet/2/315/AOA0000C304-1149620.pdf","DK","667-ERJ-6ENF1200V","https://www.mouser.com/ProductDetail/Panasonic-Industrial-Devices/ERJ-6ENF1200V?qs=sGAEpiMZZMvdGkrng054t8AJgcdMkx7x%252bFQnctTMUmU%3d","","",""
"R502","R_120","footprints:R_0805_OEM","https://www.mouser.com/datasheet/2/315/AOA0000C304-1149620.pdf","DK","667-ERJ-6ENF1200V","https://www.mouser.com/ProductDetail/Panasonic-Industrial-Devices/ERJ-6ENF1200V?qs=sGAEpiMZZMvdGkrng054t8AJgcdMkx7x%252bFQnctTMUmU%3d","","",""
"R501","R_120","footprints:R_0805_OEM","https://www.mouser.com/datasheet/2/315/AOA0000C304-1149620.pdf","DK","667-ERJ-6ENF1200V","https://www.mouser.com/ProductDetail/Panasonic-Industrial-Devices/ERJ-6ENF1200V?qs=sGAEpiMZZMvdGkrng054t8AJgcdMkx7x%252bFQnctTMUmU%3d","","",""
"U501","MCP6001T-I-LT","Package_TO_SOT_SMD:SOT-353_SC-70-5","http://ww1.microchip.com/downloads/en/DeviceDoc/21733j.pdf","DK","MCP6001T-I/LTCT-ND","https://www.digikey.com/product-detail/en/microchip-technology/MCP6001T-I-LT/MCP6001T-I-LTCT-ND/669499","","",""
"R507","R_4.99K","footprints:R_0805_OEM","https://www.digikey.com/product-detail/en/yageo/RC0402FR-074K99L/311-4.99KLRTR-ND/2827568","DK","RNCP0805FTD4K99CT-ND ","https://www.digikey.com/product-detail/en/stackpole-electronics-inc/RNCP0805FTD4K99/RNCP0805FTD4K99CT-ND/2240591","","",""
"C501","C_0.1uF","footprints:C_0805_OEM","http://datasheets.avx.com/X7RDielectric.pdf","DK","478-3352-1-ND","https://www.digikey.com/products/en?keywords=478-3352-1-ND","","",""
"R503","R_120","footprints:R_0805_OEM","https://www.mouser.com/datasheet/2/315/AOA0000C304-1149620.pdf","DK","667-ERJ-6ENF1200V","https://www.mouser.com/ProductDetail/Panasonic-Industrial-Devices/ERJ-6ENF1200V?qs=sGAEpiMZZMvdGkrng054t8AJgcdMkx7x%252bFQnctTMUmU%3d","","",""
"R606","R_4.99K","footprints:R_0805_OEM","https://www.digikey.com/product-detail/en/yageo/RC0402FR-074K99L/311-4.99KLRTR-ND/2827568","DK","RNCP0805FTD4K99CT-ND ","https://www.digikey.com/product-detail/en/stackpole-electronics-inc/RNCP0805FTD4K99/RNCP0805FTD4K99CT-ND/2240591","","",""
"R605","R_120","footprints:R_0805_OEM","https://www.mouser.com/datasheet/2/315/AOA0000C304-1149620.pdf","DK","667-ERJ-6ENF1200V","https://www.mouser.com/ProductDetail/Panasonic-Industrial-Devices/ERJ-6ENF1200V?qs=sGAEpiMZZMvdGkrng054t8AJgcdMkx7x%252bFQnctTMUmU%3d","","",""
"R604","R_120","footprints:R_0805_OEM","https://www.mouser.com/datasheet/2/315/AOA0000C304-1149620.pdf","DK","667-ERJ-6ENF1200V","https://www.mouser.com/ProductDetail/Panasonic-Industrial-Devices/ERJ-6ENF1200V?qs=sGAEpiMZZMvdGkrng054t8AJgcdMkx7x%252bFQnctTMUmU%3d","","",""
"R602","R_120","footprints:R_0805_OEM","https://www.mouser.com/datasheet/2/315/AOA0000C304-1149620.pdf","DK","667-ERJ-6ENF1200V","https://www.mouser.com/ProductDetail/Panasonic-Industrial-Devices/ERJ-6ENF1200V?qs=sGAEpiMZZMvdGkrng054t8AJgcdMkx7x%252bFQnctTMUmU%3d","","",""
"R601","R_120","footprints:R_0805_OEM","https://www.mouser.com/datasheet/2/315/AOA0000C304-1149620.pdf","DK","667-ERJ-6ENF1200V","https://www.mouser.com/ProductDetail/Panasonic-Industrial-Devices/ERJ-6ENF1200V?qs=sGAEpiMZZMvdGkrng054t8AJgcdMkx7x%252bFQnctTMUmU%3d","","",""
"U601","MCP6001T-I-LT","Package_TO_SOT_SMD:SOT-353_SC-70-5","http://ww1.microchip.com/downloads/en/DeviceDoc/21733j.pdf","DK","MCP6001T-I/LTCT-ND","https://www.digikey.com/product-detail/en/microchip-technology/MCP6001T-I-LT/MCP6001T-I-LTCT-ND/669499","","",""
"R607","R_4.99K","footprints:R_0805_OEM","https://www.digikey.com/product-detail/en/yageo/RC0402FR-074K99L/311-4.99KLRTR-ND/2827568","DK","RNCP0805FTD4K99CT-ND ","https://www.digikey.com/product-detail/en/stackpole-electronics-inc/RNCP0805FTD4K99/RNCP0805FTD4K99CT-ND/2240591","","",""
"C601","C_0.1uF","footprints:C_0805_OEM","http://datasheets.avx.com/X7RDielectric.pdf","DK","478-3352-1-ND","https://www.digikey.com/products/en?keywords=478-3352-1-ND","","",""
"R603","R_120","footprints:R_0805_OEM","https://www.mouser.com/datasheet/2/315/AOA0000C304-1149620.pdf","DK","667-ERJ-6ENF1200V","https://www.mouser.com/ProductDetail/Panasonic-Industrial-Devices/ERJ-6ENF1200V?qs=sGAEpiMZZMvdGkrng054t8AJgcdMkx7x%252bFQnctTMUmU%3d","","",""
"R706","R_4.99K","footprints:R_0805_OEM","https://www.digikey.com/product-detail/en/yageo/RC0402FR-074K99L/311-4.99KLRTR-ND/2827568","DK","RNCP0805FTD4K99CT-ND ","https://www.digikey.com/product-detail/en/stackpole-electronics-inc/RNCP0805FTD4K99/RNCP0805FTD4K99CT-ND/2240591","","",""
"R705","R_120","footprints:R_0805_OEM","https://www.mouser.com/datasheet/2/315/AOA0000C304-1149620.pdf","DK","667-ERJ-6ENF1200V","https://www.mouser.com/ProductDetail/Panasonic-Industrial-Devices/ERJ-6ENF1200V?qs=sGAEpiMZZMvdGkrng054t8AJgcdMkx7x%252bFQnctTMUmU%3d","","",""
"R704","R_120","footprints:R_0805_OEM","https://www.mouser.com/datasheet/2/315/AOA0000C304-1149620.pdf","DK","667-ERJ-6ENF1200V","https://www.mouser.com/ProductDetail/Panasonic-Industrial-Devices/ERJ-6ENF1200V?qs=sGAEpiMZZMvdGkrng054t8AJgcdMkx7x%252bFQnctTMUmU%3d","","",""
"R702","R_120","footprints:R_0805_OEM","https://www.mouser.com/datasheet/2/315/AOA0000C304-1149620.pdf","DK","667-ERJ-6ENF1200V","https://www.mouser.com/ProductDetail/Panasonic-Industrial-Devices/ERJ-6ENF1200V?qs=sGAEpiMZZMvdGkrng054t8AJgcdMkx7x%252bFQnctTMUmU%3d","","",""
"R701","R_120","footprints:R_0805_OEM","https://www.mouser.com/datasheet/2/315/AOA0000C304-1149620.pdf","DK","667-ERJ-6ENF1200V","https://www.mouser.com/ProductDetail/Panasonic-Industrial-Devices/ERJ-6ENF1200V?qs=sGAEpiMZZMvdGkrng054t8AJgcdMkx7x%252bFQnctTMUmU%3d","","",""
"U701","MCP6001T-I-LT","Package_TO_SOT_SMD:SOT-353_SC-70-5","http://ww1.microchip.com/downloads/en/DeviceDoc/21733j.pdf","DK","MCP6001T-I/LTCT-ND","https://www.digikey.com/product-detail/en/microchip-technology/MCP6001T-I-LT/MCP6001T-I-LTCT-ND/669499","","",""
"R707","R_4.99K","footprints:R_0805_OEM","https://www.digikey.com/product-detail/en/yageo/RC0402FR-074K99L/311-4.99KLRTR-ND/2827568","DK","RNCP0805FTD4K99CT-ND ","https://www.digikey.com/product-detail/en/stackpole-electronics-inc/RNCP0805FTD4K99/RNCP0805FTD4K99CT-ND/2240591","","",""
"C701","C_0.1uF","footprints:C_0805_OEM","http://datasheets.avx.com/X7RDielectric.pdf","DK","478-3352-1-ND","https://www.digikey.com/products/en?keywords=478-3352-1-ND","","",""
"R703","R_120","footprints:R_0805_OEM","https://www.mouser.com/datasheet/2/315/AOA0000C304-1149620.pdf","DK","667-ERJ-6ENF1200V","https://www.mouser.com/ProductDetail/Panasonic-Industrial-Devices/ERJ-6ENF1200V?qs=sGAEpiMZZMvdGkrng054t8AJgcdMkx7x%252bFQnctTMUmU%3d","","",""
"R806","R_4.99K","footprints:R_0805_OEM","https://www.digikey.com/product-detail/en/yageo/RC0402FR-074K99L/311-4.99KLRTR-ND/2827568","DK","RNCP0805FTD4K99CT-ND ","https://www.digikey.com/product-detail/en/stackpole-electronics-inc/RNCP0805FTD4K99/RNCP0805FTD4K99CT-ND/2240591","","",""
"R805","R_120","footprints:R_0805_OEM","https://www.mouser.com/datasheet/2/315/AOA0000C304-1149620.pdf","DK","667-ERJ-6ENF1200V","https://www.mouser.com/ProductDetail/Panasonic-Industrial-Devices/ERJ-6ENF1200V?qs=sGAEpiMZZMvdGkrng054t8AJgcdMkx7x%252bFQnctTMUmU%3d","","",""
"R804","R_120","footprints:R_0805_OEM","https://www.mouser.com/datasheet/2/315/AOA0000C304-1149620.pdf","DK","667-ERJ-6ENF1200V","https://www.mouser.com/ProductDetail/Panasonic-Industrial-Devices/ERJ-6ENF1200V?qs=sGAEpiMZZMvdGkrng054t8AJgcdMkx7x%252bFQnctTMUmU%3d","","",""
"R802","R_120","footprints:R_0805_OEM","https://www.mouser.com/datasheet/2/315/AOA0000C304-1149620.pdf","DK","667-ERJ-6ENF1200V","https://www.mouser.com/ProductDetail/Panasonic-Industrial-Devices/ERJ-6ENF1200V?qs=sGAEpiMZZMvdGkrng054t8AJgcdMkx7x%252bFQnctTMUmU%3d","","",""
"R801","R_120","footprints:R_0805_OEM","https://www.mouser.com/datasheet/2/315/AOA0000C304-1149620.pdf","DK","667-ERJ-6ENF1200V","https://www.mouser.com/ProductDetail/Panasonic-Industrial-Devices/ERJ-6ENF1200V?qs=sGAEpiMZZMvdGkrng054t8AJgcdMkx7x%252bFQnctTMUmU%3d","","",""
"U801","MCP6001T-I-LT","Package_TO_SOT_SMD:SOT-353_SC-70-5","http://ww1.microchip.com/downloads/en/DeviceDoc/21733j.pdf","DK","MCP6001T-I/LTCT-ND","https://www.digikey.com/product-detail/en/microchip-technology/MCP6001T-I-LT/MCP6001T-I-LTCT-ND/669499","","",""
"R807","R_4.99K","footprints:R_0805_OEM","https://www.digikey.com/product-detail/en/yageo/RC0402FR-074K99L/311-4.99KLRTR-ND/2827568","DK","RNCP0805FTD4K99CT-ND ","https://www.digikey.com/product-detail/en/stackpole-electronics-inc/RNCP0805FTD4K99/RNCP0805FTD4K99CT-ND/2240591","","",""
"C801","C_0.1uF","footprints:C_0805_OEM","http://datasheets.avx.com/X7RDielectric.pdf","DK","478-3352-1-ND","https://www.digikey.com/products/en?keywords=478-3352-1-ND","","",""
"R803","R_120","footprints:R_0805_OEM","https://www.mouser.com/datasheet/2/315/AOA0000C304-1149620.pdf","DK","667-ERJ-6ENF1200V","https://www.mouser.com/ProductDetail/Panasonic-Industrial-Devices/ERJ-6ENF1200V?qs=sGAEpiMZZMvdGkrng054t8AJgcdMkx7x%252bFQnctTMUmU%3d","","",""
"R906","R_4.99K","footprints:R_0805_OEM","https://www.digikey.com/product-detail/en/yageo/RC0402FR-074K99L/311-4.99KLRTR-ND/2827568","DK","RNCP0805FTD4K99CT-ND ","https://www.digikey.com/product-detail/en/stackpole-electronics-inc/RNCP0805FTD4K99/RNCP0805FTD4K99CT-ND/2240591","","",""
"R905","R_120","footprints:R_0805_OEM","https://www.mouser.com/datasheet/2/315/AOA0000C304-1149620.pdf","DK","667-ERJ-6ENF1200V","https://www.mouser.com/ProductDetail/Panasonic-Industrial-Devices/ERJ-6ENF1200V?qs=sGAEpiMZZMvdGkrng054t8AJgcdMkx7x%252bFQnctTMUmU%3d","","",""
"R904","R_120","footprints:R_0805_OEM","https://www.mouser.com/datasheet/2/315/AOA0000C304-1149620.pdf","DK","667-ERJ-6ENF1200V","https://www.mouser.com/ProductDetail/Panasonic-Industrial-Devices/ERJ-6ENF1200V?qs=sGAEpiMZZMvdGkrng054t8AJgcdMkx7x%252bFQnctTMUmU%3d","","",""
"R902","R_120","footprints:R_0805_OEM","https://www.mouser.com/datasheet/2/315/AOA0000C304-1149620.pdf","DK","667-ERJ-6ENF1200V","https://www.mouser.com/ProductDetail/Panasonic-Industrial-Devices/ERJ-6ENF1200V?qs=sGAEpiMZZMvdGkrng054t8AJgcdMkx7x%252bFQnctTMUmU%3d","","",""
"R901","R_120","footprints:R_0805_OEM","https://www.mouser.com/datasheet/2/315/AOA0000C304-1149620.pdf","DK","667-ERJ-6ENF1200V","https://www.mouser.com/ProductDetail/Panasonic-Industrial-Devices/ERJ-6ENF1200V?qs=sGAEpiMZZMvdGkrng054t8AJgcdMkx7x%252bFQnctTMUmU%3d","","",""
"U901","MCP6001T-I-LT","Package_TO_SOT_SMD:SOT-353_SC-70-5","http://ww1.microchip.com/downloads/en/DeviceDoc/21733j.pdf","DK","MCP6001T-I/LTCT-ND","https://www.digikey.com/product-detail/en/microchip-technology/MCP6001T-I-LT/MCP6001T-I-LTCT-ND/669499","","",""
"R907","R_4.99K","footprints:R_0805_OEM","https://www.digikey.com/product-detail/en/yageo/RC0402FR-074K99L/311-4.99KLRTR-ND/2827568","DK","RNCP0805FTD4K99CT-ND ","https://www.digikey.com/product-detail/en/stackpole-electronics-inc/RNCP0805FTD4K99/RNCP0805FTD4K99CT-ND/2240591","","",""
"C901","C_0.1uF","footprints:C_0805_OEM","http://datasheets.avx.com/X7RDielectric.pdf","DK","478-3352-1-ND","https://www.digikey.com/products/en?keywords=478-3352-1-ND","","",""
"R903","R_120","footprints:R_0805_OEM","https://www.mouser.com/datasheet/2/315/AOA0000C304-1149620.pdf","DK","667-ERJ-6ENF1200V","https://www.mouser.com/ProductDetail/Panasonic-Industrial-Devices/ERJ-6ENF1200V?qs=sGAEpiMZZMvdGkrng054t8AJgcdMkx7x%252bFQnctTMUmU%3d","","",""
"R1006","R_4.99K","footprints:R_0805_OEM","https://www.digikey.com/product-detail/en/yageo/RC0402FR-074K99L/311-4.99KLRTR-ND/2827568","DK","RNCP0805FTD4K99CT-ND ","https://www.digikey.com/product-detail/en/stackpole-electronics-inc/RNCP0805FTD4K99/RNCP0805FTD4K99CT-ND/2240591","","",""
"R1005","R_120","footprints:R_0805_OEM","https://www.mouser.com/datasheet/2/315/AOA0000C304-1149620.pdf","DK","667-ERJ-6ENF1200V","https://www.mouser.com/ProductDetail/Panasonic-Industrial-Devices/ERJ-6ENF1200V?qs=sGAEpiMZZMvdGkrng054t8AJgcdMkx7x%252bFQnctTMUmU%3d","","",""
"R1004","R_120","footprints:R_0805_OEM","https://www.mouser.com/datasheet/2/315/AOA0000C304-1149620.pdf","DK","667-ERJ-6ENF1200V","https://www.mouser.com/ProductDetail/Panasonic-Industrial-Devices/ERJ-6ENF1200V?qs=sGAEpiMZZMvdGkrng054t8AJgcdMkx7x%252bFQnctTMUmU%3d","","",""
"R1002","R_120","footprints:R_0805_OEM","https://www.mouser.com/datasheet/2/315/AOA0000C304-1149620.pdf","DK","667-ERJ-6ENF1200V","https://www.mouser.com/ProductDetail/Panasonic-Industrial-Devices/ERJ-6ENF1200V?qs=sGAEpiMZZMvdGkrng054t8AJgcdMkx7x%252bFQnctTMUmU%3d","","",""
"R1001","R_120","footprints:R_0805_OEM","https://www.mouser.com/datasheet/2/315/AOA0000C304-1149620.pdf","DK","667-ERJ-6ENF1200V","https://www.mouser.com/ProductDetail/Panasonic-Industrial-Devices/ERJ-6ENF1200V?qs=sGAEpiMZZMvdGkrng054t8AJgcdMkx7x%252bFQnctTMUmU%3d","","",""
"U1001","MCP6001T-I-LT","Package_TO_SOT_SMD:SOT-353_SC-70-5","http://ww1.microchip.com/downloads/en/DeviceDoc/21733j.pdf","DK","MCP6001T-I/LTCT-ND","https://www.digikey.com/product-detail/en/microchip-technology/MCP6001T-I-LT/MCP6001T-I-LTCT-ND/669499","","",""
"R1007","R_4.99K","footprints:R_0805_OEM","https://www.digikey.com/product-detail/en/yageo/RC0402FR-074K99L/311-4.99KLRTR-ND/2827568","DK","RNCP0805FTD4K99CT-ND ","https://www.digikey.com/product-detail/en/stackpole-electronics-inc/RNCP0805FTD4K99/RNCP0805FTD4K99CT-ND/2240591","","",""
"C1001","C_0.1uF","footprints:C_0805_OEM","http://datasheets.avx.com/X7RDielectric.pdf","DK","478-3352-1-ND","https://www.digikey.com/products/en?keywords=478-3352-1-ND","","",""
"R1003","R_120","footprints:R_0805_OEM","https://www.mouser.com/datasheet/2/315/AOA0000C304-1149620.pdf","DK","667-ERJ-6ENF1200V","https://www.mouser.com/ProductDetail/Panasonic-Industrial-Devices/ERJ-6ENF1200V?qs=sGAEpiMZZMvdGkrng054t8AJgcdMkx7x%252bFQnctTMUmU%3d","","",""
"R1106","R_4.99K","footprints:R_0805_OEM","https://www.digikey.com/product-detail/en/yageo/RC0402FR-074K99L/311-4.99KLRTR-ND/2827568","DK","RNCP0805FTD4K99CT-ND ","https://www.digikey.com/product-detail/en/stackpole-electronics-inc/RNCP0805FTD4K99/RNCP0805FTD4K99CT-ND/2240591","","",""
"R1105","R_120","footprints:R_0805_OEM","https://www.mouser.com/datasheet/2/315/AOA0000C304-1149620.pdf","DK","667-ERJ-6ENF1200V","https://www.mouser.com/ProductDetail/Panasonic-Industrial-Devices/ERJ-6ENF1200V?qs=sGAEpiMZZMvdGkrng054t8AJgcdMkx7x%252bFQnctTMUmU%3d","","",""
"R1104","R_120","footprints:R_0805_OEM","https://www.mouser.com/datasheet/2/315/AOA0000C304-1149620.pdf","DK","667-ERJ-6ENF1200V","https://www.mouser.com/ProductDetail/Panasonic-Industrial-Devices/ERJ-6ENF1200V?qs=sGAEpiMZZMvdGkrng054t8AJgcdMkx7x%252bFQnctTMUmU%3d","","",""
"R1102","R_120","footprints:R_0805_OEM","https://www.mouser.com/datasheet/2/315/AOA0000C304-1149620.pdf","DK","667-ERJ-6ENF1200V","https://www.mouser.com/ProductDetail/Panasonic-Industrial-Devices/ERJ-6ENF1200V?qs=sGAEpiMZZMvdGkrng054t8AJgcdMkx7x%252bFQnctTMUmU%3d","","",""
"R1101","R_120","footprints:R_0805_OEM","https://www.mouser.com/datasheet/2/315/AOA0000C304-1149620.pdf","DK","667-ERJ-6ENF1200V","https://www.mouser.com/ProductDetail/Panasonic-Industrial-Devices/ERJ-6ENF1200V?qs=sGAEpiMZZMvdGkrng054t8AJgcdMkx7x%252bFQnctTMUmU%3d","","",""
"U1101","MCP6001T-I-LT","Package_TO_SOT_SMD:SOT-353_SC-70-5","http://ww1.microchip.com/downloads/en/DeviceDoc/21733j.pdf","DK","MCP6001T-I/LTCT-ND","https://www.digikey.com/product-detail/en/microchip-technology/MCP6001T-I-LT/MCP6001T-I-LTCT-ND/669499","","",""
"R1107","R_4.99K","footprints:R_0805_OEM","https://www.digikey.com/product-detail/en/yageo/RC0402FR-074K99L/311-4.99KLRTR-ND/2827568","DK","RNCP0805FTD4K99CT-ND ","https://www.digikey.com/product-detail/en/stackpole-electronics-inc/RNCP0805FTD4K99/RNCP0805FTD4K99CT-ND/2240591","","",""
"C1101","C_0.1uF","footprints:C_0805_OEM","http://datasheets.avx.com/X7RDielectric.pdf","DK","478-3352-1-ND","https://www.digikey.com/products/en?keywords=478-3352-1-ND","","",""
"R1103","R_120","footprints:R_0805_OEM","https://www.mouser.com/datasheet/2/315/AOA0000C304-1149620.pdf","DK","667-ERJ-6ENF1200V","https://www.mouser.com/ProductDetail/Panasonic-Industrial-Devices/ERJ-6ENF1200V?qs=sGAEpiMZZMvdGkrng054t8AJgcdMkx7x%252bFQnctTMUmU%3d","","",""
"R1206","R_4.99K","footprints:R_0805_OEM","https://www.digikey.com/product-detail/en/yageo/RC0402FR-074K99L/311-4.99KLRTR-ND/2827568","DK","RNCP0805FTD4K99CT-ND ","https://www.digikey.com/product-detail/en/stackpole-electronics-inc/RNCP0805FTD4K99/RNCP0805FTD4K99CT-ND/2240591","","",""
"R1205","R_120","footprints:R_0805_OEM","https://www.mouser.com/datasheet/2/315/AOA0000C304-1149620.pdf","DK","667-ERJ-6ENF1200V","https://www.mouser.com/ProductDetail/Panasonic-Industrial-Devices/ERJ-6ENF1200V?qs=sGAEpiMZZMvdGkrng054t8AJgcdMkx7x%252bFQnctTMUmU%3d","","",""
"R1204","R_120","footprints:R_0805_OEM","https://www.mouser.com/datasheet/2/315/AOA0000C304-1149620.pdf","DK","667-ERJ-6ENF1200V","https://www.mouser.com/ProductDetail/Panasonic-Industrial-Devices/ERJ-6ENF1200V?qs=sGAEpiMZZMvdGkrng054t8AJgcdMkx7x%252bFQnctTMUmU%3d","","",""
"R1202","R_120","footprints:R_0805_OEM","https://www.mouser.com/datasheet/2/315/AOA0000C304-1149620.pdf","DK","667-ERJ-6ENF1200V","https://www.mouser.com/ProductDetail/Panasonic-Industrial-Devices/ERJ-6ENF1200V?qs=sGAEpiMZZMvdGkrng054t8AJgcdMkx7x%252bFQnctTMUmU%3d","","",""
"R1201","R_120","footprints:R_0805_OEM","https://www.mouser.com/datasheet/2/315/AOA0000C304-1149620.pdf","DK","667-ERJ-6ENF1200V","https://www.mouser.com/ProductDetail/Panasonic-Industrial-Devices/ERJ-6ENF1200V?qs=sGAEpiMZZMvdGkrng054t8AJgcdMkx7x%252bFQnctTMUmU%3d","","",""
"U1201","MCP6001T-I-LT","Package_TO_SOT_SMD:SOT-353_SC-70-5","http://ww1.microchip.com/downloads/en/DeviceDoc/21733j.pdf","DK","MCP6001T-I/LTCT-ND","https://www.digikey.com/product-detail/en/microchip-technology/MCP6001T-I-LT/MCP6001T-I-LTCT-ND/669499","","",""
"R1207","R_4.99K","footprints:R_0805_OEM","https://www.digikey.com/product-detail/en/yageo/RC0402FR-074K99L/311-4.99KLRTR-ND/2827568","DK","RNCP0805FTD4K99CT-ND ","https://www.digikey.com/product-detail/en/stackpole-electronics-inc/RNCP0805FTD4K99/RNCP0805FTD4K99CT-ND/2240591","","",""
"C1201","C_0.1uF","footprints:C_0805_OEM","http://datasheets.avx.com/X7RDielectric.pdf","DK","478-3352-1-ND","https://www.digikey.com/products/en?keywords=478-3352-1-ND","","",""
"R1203","R_120","footprints:R_0805_OEM","https://www.mouser.com/datasheet/2/315/AOA0000C304-1149620.pdf","DK","667-ERJ-6ENF1200V","https://www.mouser.com/ProductDetail/Panasonic-Industrial-Devices/ERJ-6ENF1200V?qs=sGAEpiMZZMvdGkrng054t8AJgcdMkx7x%252bFQnctTMUmU%3d","","",""
"R1306","R_4.99K","footprints:R_0805_OEM","https://www.digikey.com/product-detail/en/yageo/RC0402FR-074K99L/311-4.99KLRTR-ND/2827568","DK","RNCP0805FTD4K99CT-ND ","https://www.digikey.com/product-detail/en/stackpole-electronics-inc/RNCP0805FTD4K99/RNCP0805FTD4K99CT-ND/2240591","","",""
"R1305","R_120","footprints:R_0805_OEM","https://www.mouser.com/datasheet/2/315/AOA0000C304-1149620.pdf","DK","667-ERJ-6ENF1200V","https://www.mouser.com/ProductDetail/Panasonic-Industrial-Devices/ERJ-6ENF1200V?qs=sGAEpiMZZMvdGkrng054t8AJgcdMkx7x%252bFQnctTMUmU%3d","","",""
"R1304","R_120","footprints:R_0805_OEM","https://www.mouser.com/datasheet/2/315/AOA0000C304-1149620.pdf","DK","667-ERJ-6ENF1200V","https://www.mouser.com/ProductDetail/Panasonic-Industrial-Devices/ERJ-6ENF1200V?qs=sGAEpiMZZMvdGkrng054t8AJgcdMkx7x%252bFQnctTMUmU%3d","","",""
"R1302","R_120","footprints:R_0805_OEM","https://www.mouser.com/datasheet/2/315/AOA0000C304-1149620.pdf","DK","667-ERJ-6ENF1200V","https://www.mouser.com/ProductDetail/Panasonic-Industrial-Devices/ERJ-6ENF1200V?qs=sGAEpiMZZMvdGkrng054t8AJgcdMkx7x%252bFQnctTMUmU%3d","","",""
"R1301","R_120","footprints:R_0805_OEM","https://www.mouser.com/datasheet/2/315/AOA0000C304-1149620.pdf","DK","667-ERJ-6ENF1200V","https://www.mouser.com/ProductDetail/Panasonic-Industrial-Devices/ERJ-6ENF1200V?qs=sGAEpiMZZMvdGkrng054t8AJgcdMkx7x%252bFQnctTMUmU%3d","","",""
"U1301","MCP6001T-I-LT","Package_TO_SOT_SMD:SOT-353_SC-70-5","http://ww1.microchip.com/downloads/en/DeviceDoc/21733j.pdf","DK","MCP6001T-I/LTCT-ND","https://www.digikey.com/product-detail/en/microchip-technology/MCP6001T-I-LT/MCP6001T-I-LTCT-ND/669499","","",""
"R1307","R_4.99K","footprints:R_0805_OEM","https://www.digikey.com/product-detail/en/yageo/RC0402FR-074K99L/311-4.99KLRTR-ND/2827568","DK","RNCP0805FTD4K99CT-ND ","https://www.digikey.com/product-detail/en/stackpole-electronics-inc/RNCP0805FTD4K99/RNCP0805FTD4K99CT-ND/2240591","","",""
"C1301","C_0.1uF","footprints:C_0805_OEM","http://datasheets.avx.com/X7RDielectric.pdf","DK","478-3352-1-ND","https://www.digikey.com/products/en?keywords=478-3352-1-ND","","",""
"R1303","R_120","footprints:R_0805_OEM","https://www.mouser.com/datasheet/2/315/AOA0000C304-1149620.pdf","DK","667-ERJ-6ENF1200V","https://www.mouser.com/ProductDetail/Panasonic-Industrial-Devices/ERJ-6ENF1200V?qs=sGAEpiMZZMvdGkrng054t8AJgcdMkx7x%252bFQnctTMUmU%3d","","",""
"R1406","R_4.99K","footprints:R_0805_OEM","https://www.digikey.com/product-detail/en/yageo/RC0402FR-074K99L/311-4.99KLRTR-ND/2827568","DK","RNCP0805FTD4K99CT-ND ","https://www.digikey.com/product-detail/en/stackpole-electronics-inc/RNCP0805FTD4K99/RNCP0805FTD4K99CT-ND/2240591","","",""
"R1405","R_120","footprints:R_0805_OEM","https://www.mouser.com/datasheet/2/315/AOA0000C304-1149620.pdf","DK","667-ERJ-6ENF1200V","https://www.mouser.com/ProductDetail/Panasonic-Industrial-Devices/ERJ-6ENF1200V?qs=sGAEpiMZZMvdGkrng054t8AJgcdMkx7x%252bFQnctTMUmU%3d","","",""
"R1404","R_120","footprints:R_0805_OEM","https://www.mouser.com/datasheet/2/315/AOA0000C304-1149620.pdf","DK","667-ERJ-6ENF1200V","https://www.mouser.com/ProductDetail/Panasonic-Industrial-Devices/ERJ-6ENF1200V?qs=sGAEpiMZZMvdGkrng054t8AJgcdMkx7x%252bFQnctTMUmU%3d","","",""
"R1402","R_120","footprints:R_0805_OEM","https://www.mouser.com/datasheet/2/315/AOA0000C304-1149620.pdf","DK","667-ERJ-6ENF1200V","https://www.mouser.com/ProductDetail/Panasonic-Industrial-Devices/ERJ-6ENF1200V?qs=sGAEpiMZZMvdGkrng054t8AJgcdMkx7x%252bFQnctTMUmU%3d","","",""
"R1401","R_120","footprints:R_0805_OEM","https://www.mouser.com/datasheet/2/315/AOA0000C304-1149620.pdf","DK","667-ERJ-6ENF1200V","https://www.mouser.com/ProductDetail/Panasonic-Industrial-Devices/ERJ-6ENF1200V?qs=sGAEpiMZZMvdGkrng054t8AJgcdMkx7x%252bFQnctTMUmU%3d","","",""
"U1401","MCP6001T-I-LT","Package_TO_SOT_SMD:SOT-353_SC-70-5","http://ww1.microchip.com/downloads/en/DeviceDoc/21733j.pdf","DK","MCP6001T-I/LTCT-ND","https://www.digikey.com/product-detail/en/microchip-technology/MCP6001T-I-LT/MCP6001T-I-LTCT-ND/669499","","",""
"R1407","R_4.99K","footprints:R_0805_OEM","https://www.digikey.com/product-detail/en/yageo/RC0402FR-074K99L/311-4.99KLRTR-ND/2827568","DK","RNCP0805FTD4K99CT-ND ","https://www.digikey.com/product-detail/en/stackpole-electronics-inc/RNCP0805FTD4K99/RNCP0805FTD4K99CT-ND/2240591","","",""
"C1401","C_0.1uF","footprints:C_0805_OEM","http://datasheets.avx.com/X7RDielectric.pdf","DK","478-3352-1-ND","https://www.digikey.com/products/en?keywords=478-3352-1-ND","","",""
"R1403","R_120","footprints:R_0805_OEM","https://www.mouser.com/datasheet/2/315/AOA0000C304-1149620.pdf","DK","667-ERJ-6ENF1200V","https://www.mouser.com/ProductDetail/Panasonic-Industrial-Devices/ERJ-6ENF1200V?qs=sGAEpiMZZMvdGkrng054t8AJgcdMkx7x%252bFQnctTMUmU%3d","","",""
